Узнай стоимость такси от Пхукета до Самуи.<br>До 29-го февраля цены снижены на 30%,samui
Узнай стоимость такси от Пхукета до Самуи.<br>До 29-го февраля цены снижены на 30%,samui
Узнай стоимость такси от Пхукета до Самуи.<br>До 29-го февраля цены снижены на 30%,samui
Узнай стоимость такси от Пхукета до Самуи.<br>До 29-го февраля цены снижены на 30%,samui
Узнай стоимость такси от Пхукета до Самуи.<br>До 29-го февраля цены снижены на 30%,samui
Узнай стоимость такси от Пхукета до Краби.<br>До 29-го февраля цены снижены на 30%,krabi
Узнай стоимость такси от Пхукета до Краби.<br>До 29-го февраля цены снижены на 30%,krabi
Узнай стоимость такси от Пхукета до Краби.<br>До 29-го февраля цены снижены на 30%,krabi
Узнай стоимость такси от Пхукета до Краби.<br>До 29-го февраля цены снижены на 30%,krabi
Узнай стоимость такси от Пхукета до Краби.<br>До 29-го февраля цены снижены на 30%,krabi
Узнай стоимость такси от Пхукета до Краби.<br>До 29-го февраля цены снижены на 30%,krabi
Узнай стоимость такси от Пхукета до Краби.<br>До 29-го февраля цены снижены на 30%,krabi
Узнай стоимость такси от Пхукета до Краби.<br>До 29-го февраля цены снижены на 30%,krabi
Узнай стоимость такси на Пхукете.<br>До 29-го февраля цены снижены на 30%,phuket
Узнай стоимость такси на Пхукете.<br>До 29-го февраля цены снижены на 30%,phuket
Узнай стоимость такси на Пхукете.<br>До 29-го февраля цены снижены на 30%,phuket
Узнай стоимость такси на Пхукете.<br>До 29-го февраля цены снижены на 30%,phuket
Узнай стоимость такси на Пхукете.<br>До 29-го февраля цены снижены на 30%,phuket
Узнай стоимость такси на Пхукете.<br>До 29-го февраля цены снижены на 30%,phuket
Узнай стоимость такси на Пхукете.<br>До 29-го февраля цены снижены на 30%,phuket
Узнай стоимость такси от Пхукета до Карона.<br>До 29-го февраля цены снижены на 30%,karon
Узнай стоимость такси от Пхукета до Карона.<br>До 29-го февраля цены снижены на 30%,karon
Узнай стоимость такси от Пхукета до Карона.<br>До 29-го февраля цены снижены на 30%,karon
Узнай стоимость такси на Пхукете.<br>До 29-го февраля цены снижены на 30%,phuket
Узнай стоимость такси на Пхукете.<br>До 29-го февраля цены снижены на 30%,phuket
Узнай стоимость такси на Пхукете.<br>До 29-го февраля цены снижены на 30%,phuket
Узнай стоимость такси на Пхукете.<br>До 29-го февраля цены снижены на 30%,phuket
Узнай стоимость такси на Пхукете.<br>До 29-го февраля цены снижены на 30%,phuket
Узнай стоимость такси на Пхукете.<br>До 29-го февраля цены снижены на 30%,phuket
Узнай стоимость такси на Пхукете.<br>До 29-го февраля цены снижены на 30%,phuket
Узнай стоимость такси от Пхукета до Патонга.<br>До 29-го февраля цены снижены на 30%,patong
Узнай стоимость такси от Пхукета до Патонга.<br>До 29-го февраля цены снижены на 30%,patong
Узнай стоимость такси от Пхукета до Отеля.<br>До 29-го февраля цены снижены на 30%,hotel
Узнай стоимость такси от Пхукета до Отеля.<br>До 29-го февраля цены снижены на 30%,hotel
Узнай стоимость такси от Пхукета до Отеля.<br>До 29-го февраля цены снижены на 30%,hotel
Узнай стоимость такси на Пхукете.<br>До 29-го февраля цены снижены на 30%,phuket
Узнай стоимость такси на Пхукете.<br>До 29-го февраля цены снижены на 30%,phuket
Узнай стоимость такси на Пхукете.<br>До 29-го февраля цены снижены на 30%,phuket
Узнай стоимость такси на Пхукете.<br>До 29-го февраля цены снижены на 30%,phuket
Узнай стоимость такси на Пхукете.<br>До 29-го февраля цены снижены на 30%,phuket
Узнай стоимость такси на Пхукете.<br>До 29-го февраля цены снижены на 30%,phuket
Узнай стоимость такси на Пхукете.<br>До 29-го февраля цены снижены на 30%,phuket
Узнай стоимость такси на Пхукете.<br>До 29-го февраля цены снижены на 30%,phuket
Узнай стоимость такси на Пхукете.<br>До 29-го февраля цены снижены на 30%,phuket
Узнай стоимость такси на Пхукете.<br>До 29-го февраля цены снижены на 30%,phuket
Узнай стоимость такси на Пхукете.<br>До 29-го февраля цены снижены на 30%,phuket
Узнай стоимость такси на Пхукете.<br>До 29-го февраля цены снижены на 30%,phuket
Узнай стоимость такси на Пхукете.<br>До 29-го февраля цены снижены на 30%,phuket
Узнай стоимость такси от Пхукета до Карона.<br>До 29-го февраля цены снижены на 30%,karon
Узнай стоимость такси от Пхукета до Карона.<br>До 29-го февраля цены снижены на 30%,karon
Узнай стоимость такси от Аэропорта Пхукета до Патонга.<br>До 29-го февраля цены снижены на 30%,hotelpatong
Узнай стоимость такси от Аэропорта Пхукета до Патонга.<br>До 29-го февраля цены снижены на 30%,hotelpatong
Узнай стоимость такси на Пхукете.<br>До 29-го февраля цены снижены на 30%,phuket
Узнай стоимость такси на Пхукете.<br>До 29-го февраля цены снижены на 30%,phuket
Узнай стоимость такси на Пхукете.<br>До 29-го февраля цены снижены на 30%,phuket
Узнай стоимость такси на Пхукете.<br>До 29-го февраля цены снижены на 30%,phuket
Узнай стоимость такси на Пхукете.<br>До 29-го февраля цены снижены на 30%,phuket
Узнай стоимость такси на Пхукете.<br>До 29-го февраля цены снижены на 30%,phuket
Узнай стоимость такси от Пхукета до Патонга.<br>До 29-го февраля цены снижены на 30%,patong
Узнай стоимость такси от Пхукета до Патонга.<br>До 29-го февраля цены снижены на 30%,patong
Узнай стоимость такси от Пхукета до Карона.<br>До 29-го февраля цены снижены на 30%,karon
Узнай стоимость такси от Пхукета до Карона.<br>До 29-го февраля цены снижены на 30%,karon
Узнай стоимость такси от Пхукета до Карона.<br>До 29-го февраля цены снижены на 30%,karon
Узнай стоимость такси от Пхукета до Карона.<br>До 29-го февраля цены снижены на 30%,karon
Узнай стоимость такси от Пхукета до Карона.<br>До 29-го февраля цены снижены на 30%,karon
Узнай стоимость такси от Пхукета до Карона.<br>До 29-го февраля цены снижены на 30%,karon
Узнай стоимость такси от Пхукета до Карона.<br>До 29-го февраля цены снижены на 30%,karon
Узнай стоимость такси от Аэропорта Пхукета до Патонга.<br>До 29-го февраля цены снижены на 30%,patong1
Узнай стоимость такси от Аэропорта Пхукета до Патонга.<br>До 29-го февраля цены снижены на 30%,patong1
Узнай стоимость такси от Аэропорта Пхукета до Патонга.<br>До 29-го февраля цены снижены на 30%,patong1
Узнай стоимость такси на Пхукете.<br>До 29-го февраля цены снижены на 30%,phuket
Узнай стоимость такси на Пхукете.<br>До 29-го февраля цены снижены на 30%,phuket
Узнай стоимость такси на Пхукете.<br>До 29-го февраля цены снижены на 30%,phuket
Узнай стоимость такси на Пхукете.<br>До 29-го февраля цены снижены на 30%,phuket
Узнай стоимость такси на Пхукете.<br>До 29-го февраля цены снижены на 30%,phuket
Узнай стоимость такси на Пхукете.<br>До 29-го февраля цены снижены на 30%,phuket
Узнай стоимость такси на Пхукете.<br>До 29-го февраля цены снижены на 30%,phuket
Узнай стоимость такси на Пхукете.<br>До 29-го февраля цены снижены на 30%,phuket
Узнай стоимость такси на Пхукете.<br>До 29-го февраля цены снижены на 30%,phuket
Узнай стоимость такси на Пхукете.<br>До 29-го февраля цены снижены на 30%,phuket
Узнай стоимость такси на Пхукете.<br>До 29-го февраля цены снижены на 30%,phuket
Узнай стоимость такси на Пхукете.<br>До 29-го февраля цены снижены на 30%,phuket
Узнай стоимость такси на Пхукете.<br>До 29-го февраля цены снижены на 30%,phuket
Узнай стоимость такси на Пхукете.<br>До 29-го февраля цены снижены на 30%,phuket
Узнай стоимость такси от Пхукета до Каты.<br>До 29-го февраля цены снижены на 30%,kata1
Узнай стоимость такси от Пхукета до Каты.<br>До 29-го февраля цены снижены на 30%,kata1
Узнай стоимость такси от Пхукета до Каты.<br>До 29-го февраля цены снижены на 30%,kata1
Узнай стоимость такси от Пхукета до Карона.<br>До 29-го февраля цены снижены на 30%,karon
Узнай стоимость такси от Пхукета до Карона.<br>До 29-го февраля цены снижены на 30%,karon
Узнай стоимость такси от Пхукета до Карона.<br>До 29-го февраля цены снижены на 30%,karon
Узнай стоимость такси от Пхукета до Карона.<br>До 29-го февраля цены снижены на 30%,karon
Узнай стоимость такси от Пхукета до Патонга.<br>До 29-го февраля цены снижены на 30%,patong
Узнай стоимость такси от Пхукета до Патонга.<br>До 29-го февраля цены снижены на 30%,patong
Узнай стоимость такси от Пхукета до Патонга.<br>До 29-го февраля цены снижены на 30%,patong
Узнай стоимость такси от Пхукета до Патонга.<br>До 29-го февраля цены снижены на 30%,patong
Узнай стоимость такси на Пхукете.<br>До 29-го февраля цены снижены на 30%,phuket
Узнай стоимость такси на Пхукете.<br>До 29-го февраля цены снижены на 30%,phuket
Узнай стоимость такси на Пхукете.<br>До 29-го февраля цены снижены на 30%,phuket
Узнай стоимость такси на Пхукете.<br>До 29-го февраля цены снижены на 30%,phuket
Узнай стоимость такси на Пхукете.<br>До 29-го февраля цены снижены на 30%,phuket
Узнай стоимость такси на Пхукете.<br>До 29-го февраля цены снижены на 30%,phuket
Узнай стоимость такси на Пхукете.<br>До 29-го февраля цены снижены на 30%,phuket
Узнай стоимость такси на Пхукете.<br>До 29-го февраля цены снижены на 30%,phuket
Узнай стоимость такси от Пхукета до Карона.<br>До 29-го февраля цены снижены на 30%,karon
Узнай стоимость такси от Пхукета до Карона.<br>До 29-го февраля цены снижены на 30%,karon
Узнай стоимость такси от Пхукета до Панганаа.<br>До 29-го февраля цены снижены на 30%,pangan1
Узнай стоимость такси от Пхукета до Панганаа.<br>До 29-го февраля цены снижены на 30%,pangan1
Узнай стоимость такси на Пхукете.<br>До 29-го февраля цены снижены на 30%,phuket
Узнай стоимость такси на Пхукете.<br>До 29-го февраля цены снижены на 30%,phuket
Узнай стоимость такси на Пхукете.<br>До 29-го февраля цены снижены на 30%,phuket
Узнай стоимость такси на Пхукете.<br>До 29-го февраля цены снижены на 30%,phuket
Узнай стоимость такси на Пхукете.<br>До 29-го февраля цены снижены на 30%,phuket
Узнай стоимость такси на Пхукете.<br>До 29-го февраля цены снижены на 30%,phuket
Узнай стоимость такси на Пхукете.<br>До 29-го февраля цены снижены на 30%,phuket
Узнай стоимость такси на Пхукете.<br>До 29-го февраля цены снижены на 30%,phuket
Узнай стоимость такси на Пхукете.<br>До 29-го февраля цены снижены на 30%,phuket
Узнай стоимость такси от Пхукета до Каты.<br>До 29-го февраля цены снижены на 30%,kata1
Узнай стоимость такси от Пхукета до Каты.<br>До 29-го февраля цены снижены на 30%,kata1
Узнай стоимость такси от Пхукета до Карона.<br>До 29-го февраля цены снижены на 30%,karon
Узнай стоимость такси от Пхукета до Карона.<br>До 29-го февраля цены снижены на 30%,karon
Узнай стоимость такси от Пхукета до Патонга.<br>До 29-го февраля цены снижены на 30%,patong
Узнай стоимость такси от Пхукета до Патонга.<br>До 29-го февраля цены снижены на 30%,patong
Узнай стоимость такси на Пхукете.<br>До 29-го февраля цены снижены на 30%,phuket
Узнай стоимость такси на Пхукете.<br>До 29-го февраля цены снижены на 30%,phuket
Узнай стоимость такси на Пхукете.<br>До 29-го февраля цены снижены на 30%,phuket
Узнай стоимость такси на Пхукете.<br>До 29-го февраля цены снижены на 30%,phuket
Узнай стоимость такси на Пхукете.<br>До 29-го февраля цены снижены на 30%,phuket
Узнай стоимость такси на Пхукете.<br>До 29-го февраля цены снижены на 30%,phuket
Узнай стоимость такси на Пхукете.<br>До 29-го февраля цены снижены на 30%,phuket
Узнай стоимость такси на Пхукете.<br>До 29-го февраля цены снижены на 30%,phuket
Узнай стоимость такси на Пхукете.<br>До 29-го февраля цены снижены на 30%,phuket
Узнай стоимость такси на Пхукете.<br>До 29-го февраля цены снижены на 30%,phuket
Узнай стоимость такси на Пхукете.<br>До 29-го февраля цены снижены на 30%,phuket
Узнай стоимость такси на Пхукете.<br>До 29-го февраля цены снижены на 30%,phuket
Узнай стоимость такси на Пхукете.<br>До 29-го февраля цены снижены на 30%,phuket
Узнай стоимость такси на Пхукете.<br>До 29-го февраля цены снижены на 30%,phuket
Узнай стоимость такси на Пхукете.<br>До 29-го февраля цены снижены на 30%,phuket
Узнай стоимость такси на Пхукете.<br>До 29-го февраля цены снижены на 30%,phuket
Узнай стоимость такси от Пхукета до Най Харна.<br>До 29-го февраля цены снижены на 30%,naiharn
Узнай стоимость такси от Пхукета до Най Харна.<br>До 29-го февраля цены снижены на 30%,naiharn
Узнай стоимость такси от Пхукета до Най Харна.<br>До 29-го февраля цены снижены на 30%,naiharn
Узнай стоимость такси от Пхукета до Найтона.<br>До 29-го февраля цены снижены на 30%,naiton
Узнай стоимость такси от Пхукета до Найтона.<br>До 29-го февраля цены снижены на 30%,naiton
Узнай стоимость такси от Пхукета до Сурина.<br>До 29-го февраля цены снижены на 30%,surin
Узнай стоимость такси от Пхукета до Сурина.<br>До 29-го февраля цены снижены на 30%,surin
Узнай стоимость такси от Пхукета до Раваи.<br>До 29-го февраля цены снижены на 30%,ravai
Узнай стоимость такси от Пхукета до Раваи.<br>До 29-го февраля цены снижены на 30%,ravai
Узнай стоимость такси от Пхукета до Раваи.<br>До 29-го февраля цены снижены на 30%,ravai
Узнай стоимость такси от Пхукета до Раваи.<br>До 29-го февраля цены снижены на 30%,ravai
Узнай стоимость такси от Пхукета до Раваи.<br>До 29-го февраля цены снижены на 30%,ravai
Узнай стоимость такси от Пхукета до Раваи.<br>До 29-го февраля цены снижены на 30%,ravai
Узнай стоимость такси от Пхукета до Каты.<br>До 29-го февраля цены снижены на 30%,kataa
Узнай стоимость такси от Пхукета до Каты.<br>До 29-го февраля цены снижены на 30%,kataa
Узнай стоимость такси от Пхукета до Камалы.<br>До 29-го февраля цены снижены на 30%,kamala
Узнай стоимость такси от Пхукета до Камалы.<br>До 29-го февраля цены снижены на 30%,kamala
Узнай стоимость такси от Пхукета до статуи Будды.<br>До 29-го февраля цены снижены на 30%,budda
Узнай стоимость такси от Пхукета до статуи Будды.<br>До 29-го февраля цены снижены на 30%,budda
Узнай стоимость такси от Пхукета до Патонга.<br>До 29-го февраля цены снижены на 30%,patong
Узнай стоимость такси от Пхукета до Патонга.<br>До 29-го февраля цены снижены на 30%,patong
Узнай стоимость такси на Пхукете.<br>До 29-го февраля цены снижены на 30%,phuket
Узнай стоимость такси на Пхукете.<br>До 29-го февраля цены снижены на 30%,phuket
Узнай стоимость такси на Пхукете.<br>До 29-го февраля цены снижены на 30%,phuket
Узнай стоимость такси на Пхукете.<br>До 29-го февраля цены снижены на 30%,phuket
Узнай стоимость такси на Пхукете.<br>До 29-го февраля цены снижены на 30%,phuket
Узнай стоимость такси на Пхукете.<br>До 29-го февраля цены снижены на 30%,phuket
Узнай стоимость такси на Пхукете.<br>До 29-го февраля цены снижены на 30%,phuket
Узнай стоимость такси на Пхукете.<br>До 29-го февраля цены снижены на 30%,phuket
Узнай стоимость такси на Пхукете.<br>До 29-го февраля цены снижены на 30%,phuket
Узнай стоимость такси на Пхукете.<br>До 29-го февраля цены снижены на 30%,phuket
Узнай стоимость такси на Пхукете.<br>До 29-го февраля цены снижены на 30%,phuket
Узнай стоимость такси на Пхукете.<br>До 29-го февраля цены снижены на 30%,phuket
Узнай стоимость такси на Пхукете.<br>До 29-го февраля цены снижены на 30%,phuket
Узнай стоимость такси на Пхукете.<br>До 29-го февраля цены снижены на 30%,phuket
Узнай стоимость такси на Пхукете.<br>До 29-го февраля цены снижены на 30%,phuket
Узнай стоимость такси на Пхукете.<br>До 29-го февраля цены снижены на 30%,phuket
Узнай стоимость такси на Пхукете.<br>До 29-го февраля цены снижены на 30%,phuket
Узнай стоимость такси на Пхукете.<br>До 29-го февраля цены снижены на 30%,phuket
Узнай стоимость такси на Пхукете.<br>До 29-го февраля цены снижены на 30%,phuket
Узнай стоимость такси на Пхукете.<br>До 29-го февраля цены снижены на 30%,phuket
Узнай стоимость такси на Пхукете.<br>До 29-го февраля цены снижены на 30%,phuket
Узнай стоимость такси на Пхукете.<br>До 29-го февраля цены снижены на 30%,phuket
Узнай стоимость такси на Пхукете.<br>До 29-го февраля цены снижены на 30%,phuket
Узнай стоимость такси на Пхукете.<br>До 29-го февраля цены снижены на 30%,phuket
Узнай стоимость такси на Пхукете.<br>До 29-го февраля цены снижены на 30%,phuket
Узнай стоимость такси на Пхукете.<br>До 29-го февраля цены снижены на 30%,phuket
Узнай стоимость такси на Пхукете.<br>До 29-го февраля цены снижены на 30%,phuket
Узнай стоимость такси на Пхукете.<br>До 29-го февраля цены снижены на 30%,phuket
Узнай стоимость такси на Пхукете.<br>До 29-го февраля цены снижены на 30%,phuket
Узнай стоимость такси на Пхукете.<br>До 29-го февраля цены снижены на 30%,phuket
Узнай стоимость такси на Пхукете.<br>До 29-го февраля цены снижены на 30%,phuket
Узнай стоимость такси на Пхукете.<br>До 29-го февраля цены снижены на 30%,phuket
Узнай стоимость такси на Пхукете.<br>До 29-го февраля цены снижены на 30%,phuket
Узнай стоимость такси на Пхукете.<br>До 29-го февраля цены снижены на 30%,phuket
Узнай стоимость такси на Пхукете.<br>До 29-го февраля цены снижены на 30%,phuket
Узнай стоимость такси от Пхукета до Карона.<br>До 29-го февраля цены снижены на 30%,karon
Узнай стоимость такси от Пхукета до Карона.<br>До 29-го февраля цены снижены на 30%,karon
Узнай стоимость трансфера на Пхукете.<br>До 29-го февраля цены снижены на 30%,transphuket
Узнай стоимость трансфера на Пхукете.<br>До 29-го февраля цены снижены на 30%,transphuket
Узнай стоимость трансфера на Пхукете.<br>До 29-го февраля цены снижены на 30%,transphuket
Узнай стоимость трансфера на Пхукете.<br>До 29-го февраля цены снижены на 30%,transphuket
Узнай стоимость трансфера на Пхукете.<br>До 29-го февраля цены снижены на 30%,transphuket
Узнай стоимость трансфера на Пхукете.<br>До 29-го февраля цены снижены на 30%,transphuket
Узнай стоимость трансфера от Пхукета до Патонга.<br>До 29-го февраля цены снижены на 30%,patong2
Узнай стоимость трансфера от Пхукета до Патонга.<br>До 29-го февраля цены снижены на 30%,patong2
Узнай стоимость трансфера на Пхукете.<br>До 29-го февраля цены снижены на 30%,transphuket
Узнай стоимость трансфера на Пхукете.<br>До 29-го февраля цены снижены на 30%,transphuket
Узнай стоимость трансфера на Пхукете.<br>До 29-го февраля цены снижены на 30%,transphuket
Узнай стоимость трансфера на Пхукете.<br>До 29-го февраля цены снижены на 30%,transphuket
Узнай стоимость трансфера на Пхукете.<br>До 29-го февраля цены снижены на 30%,transphuket
Узнай стоимость трансфера на Пхукете.<br>До 29-го февраля цены снижены на 30%,transphuket
Узнай стоимость трансфера на Пхукете.<br>До 29-го февраля цены снижены на 30%,transphuket
Узнай стоимость трансфера на Пхукете.<br>До 29-го февраля цены снижены на 30%,transphuket
Узнай стоимость трансфера на Пхукете.<br>До 29-го февраля цены снижены на 30%,transphuket
Узнай стоимость трансфера на Пхукете.<br>До 29-го февраля цены снижены на 30%,transphuket
Узнай стоимость трансфера на Пхукете.<br>До 29-го февраля цены снижены на 30%,transphuket
Узнай стоимость трансфера на Пхукете.<br>До 29-го февраля цены снижены на 30%,transphuket
Узнай стоимость трансфера на Пхукете.<br>До 29-го февраля цены снижены на 30%,transphuket
Узнай стоимость трансфера на Пхукете.<br>До 29-го февраля цены снижены на 30%,transphuket
Узнай стоимость трансфера на Пхукете.<br>До 29-го февраля цены снижены на 30%,transphuket
Узнай стоимость трансфера на Пхукете.<br>До 29-го февраля цены снижены на 30%,transphuket
Узнай стоимость трансфера на Пхукете.<br>До 29-го февраля цены снижены на 30%,transphuket
Узнай стоимость трансфера на Пхукете.<br>До 29-го февраля цены снижены на 30%,transphuket
Узнай стоимость трансфера на Пхукете.<br>До 29-го февраля цены снижены на 30%,transphuket
Узнай стоимость трансфера на Пхукете.<br>До 29-го февраля цены снижены на 30%,transphuket
Узнай стоимость трансфера на Пхукете.<br>До 29-го февраля цены снижены на 30%,transphuket
Узнай стоимость трансфера на Пхукете.<br>До 29-го февраля цены снижены на 30%,transphuket
Узнай стоимость трансфера на Пхукете.<br>До 29-го февраля цены снижены на 30%,transphuket
